[
  {
    "fecha": "2025-08-01",
    "compra": 3.575,
    "venta": 3.588
  },
  {
    "fecha": "2025-08-02",
    "compra": 3.576,
    "venta": 3.588
  },
  {
    "fecha": "2025-08-03",
    "compra": 3.576,
    "venta": 3.588
  },
  {
    "fecha": "2025-08-04",
    "compra": 3.576,
    "venta": 3.588
  },
  {
    "fecha": "2025-08-05",
    "compra": 3.566,
    "venta": 3.579
  },
  {
    "fecha": "2025-08-06",
    "compra": 3.555,
    "venta": 3.564
  },
  {
    "fecha": "2025-08-07",
    "compra": 3.555,
    "venta": 3.564
  },
  {
    "fecha": "2025-08-08",
    "compra": 3.538,
    "venta": 3.551
  },
  {
    "fecha": "2025-08-09",
    "compra": 3.527,
    "venta": 3.535
  }
]